path,bytes,GiB,role,action
results/oxe_core_8shard_v1/latest.pt,719976357,0.6705,旧分支归档候选：尚未确认可删除,未移动、未删除
results/bcz_generalization_x0_v1/latest.pt,719947237,0.6705,旧分支归档候选：尚未确认可删除,未移动、未删除
results/oxe_core_pilot/latest.pt,719940581,0.6705,旧分支归档候选：尚未确认可删除,未移动、未删除
results/oxe_core_8shard_v1/best.pt,719936865,0.6705,旧分支归档候选：尚未确认可删除,未移动、未删除
results/bcz_overfit_x0_v1/latest.pt,719931109,0.6705,旧分支归档候选：尚未确认可删除,未移动、未删除
results/bcz_overfit_cosine_v2/latest.pt,719930917,0.6705,旧分支归档候选：尚未确认可删除,未移动、未删除
results/bcz_overfit_cosine_v1/latest.pt,719928677,0.6705,旧分支归档候选：尚未确认可删除,未移动、未删除
results/bcz_generalization_x0_v1/best.pt,719906913,0.6705,旧分支归档候选：尚未确认可删除,未移动、未删除
results/oxe_core_pilot/best.pt,719901089,0.6705,旧分支归档候选：尚未确认可删除,未移动、未删除
results/bcz_overfit_x0_v1/best.pt,719891617,0.6705,旧分支归档候选：尚未确认可删除,未移动、未删除
results/bcz_overfit_cosine_v2/best.pt,719891041,0.6705,旧分支归档候选：尚未确认可删除,未移动、未删除
results/bcz_overfit_cosine_v1/best.pt,719888929,0.6704,旧分支归档候选：尚未确认可删除,未移动、未删除
results/bcz_native_pool_adapter_lr_split_v1/latest.pt,651443429,0.6067,旧分支归档候选：尚未确认可删除,未移动、未删除
results/bcz_native_pool_adapter_v1/latest.pt,651443365,0.6067,旧分支归档候选：尚未确认可删除,未移动、未删除
results/bcz_native_pool_adapter_v1/best.pt,651413473,0.6067,旧分支归档候选：尚未确认可删除,未移动、未删除
results/bcz_native_pool_adapter_smoke_v1/latest.pt,651398629,0.6067,旧分支归档候选：尚未确认可删除,未移动、未删除
results/bcz_pool_seen_probe_rotation4_v1/latest.pt,651385893,0.6067,旧分支归档候选：尚未确认可删除,未移动、未删除
results/bcz_pool_seen_probe_fit_v1/latest.pt,651385829,0.6067,旧分支归档候选：尚未确认可删除,未移动、未删除
results/bcz_native_adapter_fit_lr_low_v1/latest.pt,651385765,0.6067,旧分支归档候选：尚未确认可删除,未移动、未删除
results/bcz_native_adapter_fit_lr_split_v1/latest.pt,651385765,0.6067,旧分支归档候选：尚未确认可删除,未移动、未删除
results/bcz_native_adapter_fit_v1/latest.pt,651385701,0.6067,旧分支归档候选：尚未确认可删除,未移动、未删除
results/bcz_native_pool_adapter_lr_split_v1/best.pt,651382049,0.6066,旧分支归档候选：尚未确认可删除,未移动、未删除
results/bcz_native_pool_adapter_smoke_v1/best.pt,651368673,0.6066,旧分支归档候选：尚未确认可删除,未移动、未删除
results/bcz_pool_seen_probe_rotation4_v1/best.pt,651356001,0.6066,旧分支归档候选：尚未确认可删除,未移动、未删除
results/bcz_pool_seen_probe_fit_v1/best.pt,651355937,0.6066,旧分支归档候选：尚未确认可删除,未移动、未删除
results/bcz_native_adapter_fit_lr_low_v1/best.pt,651355873,0.6066,旧分支归档候选：尚未确认可删除,未移动、未删除
results/bcz_native_adapter_fit_lr_split_v1/best.pt,651355873,0.6066,旧分支归档候选：尚未确认可删除,未移动、未删除
results/bcz_native_adapter_fit_v1/best.pt,651355809,0.6066,旧分支归档候选：尚未确认可删除,未移动、未删除
results/bcz_generalization_regression_v1/latest.pt,649960725,0.6053,旧分支归档候选：尚未确认可删除,未移动、未删除
results/bcz_overfit_regression_v1/latest.pt,649944533,0.6053,旧分支归档候选：尚未确认可删除,未移动、未删除
results/bcz_cls_regression_fit_control_v1/latest.pt,649942357,0.6053,旧分支归档候选：尚未确认可删除,未移动、未删除
results/bcz_patch_pool_regression_fit_v1/latest.pt,649942357,0.6053,旧分支归档候选：尚未确认可删除,未移动、未删除
results/bcz_generalization_regression_v1/best.pt,649930929,0.6053,旧分支归档候选：尚未确认可删除,未移动、未删除
results/bcz_overfit_regression_v1/best.pt,649915249,0.6053,旧分支归档候选：尚未确认可删除,未移动、未删除
results/bcz_cls_regression_fit_control_v1/best.pt,649913073,0.6053,旧分支归档候选：尚未确认可删除,未移动、未删除
results/bcz_patch_pool_regression_fit_v1/best.pt,649913073,0.6053,旧分支归档候选：尚未确认可删除,未移动、未删除
results/bcz_fusion_adapter_v1/latest.pt,649593301,0.605,旧分支归档候选：尚未确认可删除,未移动、未删除
results/bcz_first_command_pilot_v1/latest.pt,649590357,0.605,旧分支归档候选：尚未确认可删除,未移动、未删除
results/bcz_first_command_fit_v1/latest.pt,649572437,0.605,旧分支归档候选：尚未确认可删除,未移动、未删除
results/bcz_fusion_adapter_v1/best.pt,649564209,0.605,旧分支归档候选：尚未确认可删除,未移动、未删除
results/bcz_first_command_pilot_v1/best.pt,649561265,0.605,旧分支归档候选：尚未确认可删除,未移动、未删除
results/bcz_first_command_fit_v1/best.pt,649543345,0.6049,旧分支归档候选：尚未确认可删除,未移动、未删除
results/bridge_gripper_coverage_fit_v1/latest.pt,128044597,0.1193,旧分支归档候选：尚未确认可删除,未移动、未删除
results/bridge_fixed_fit_constant_lr_v1/latest.pt,128044469,0.1193,旧分支归档候选：尚未确认可删除,未移动、未删除
results/bridge_fixed_fit_v1/latest.pt,128044469,0.1193,旧分支归档候选：尚未确认可删除,未移动、未删除
results/bridge_fixed_fit_constant_lr_v1/best.pt,128038225,0.1192,旧分支归档候选：尚未确认可删除,未移动、未删除
results/bridge_fixed_fit_v1/best.pt,128038225,0.1192,旧分支归档候选：尚未确认可删除,未移动、未删除
results/bridge_gripper_coverage_fit_v1/best.pt,128034001,0.1192,旧分支归档候选：尚未确认可删除,未移动、未删除
results/bridge_single_task_full_validation_v1/latest.pt,128031413,0.1192,保留：当前证据链/复查输入,未移动、未删除
results/bridge_single_task_pilot_v1/latest.pt,128023221,0.1192,旧分支归档候选：尚未确认可删除,未移动、未删除
results/bridge_single_task_full_validation_v1/best.pt,128012753,0.1192,保留：当前证据链/复查输入,未移动、未删除
results/bridge_single_task_pilot_v1/best.pt,128012113,0.1192,旧分支归档候选：尚未确认可删除,未移动、未删除
results/bridge_single_step_v1/training/latest.pt,127845813,0.1191,旧分支归档候选：尚未确认可删除,未移动、未删除
results/bridge_single_step_v1/training/best.pt,127828305,0.119,旧分支归档候选：尚未确认可删除,未移动、未删除
results/bridge_adapter_trainability_v1/adapter_frozen_step_0000.pt,42670979,0.0397,旧分支归档候选：尚未确认可删除,未移动、未删除
results/bridge_adapter_trainability_v1/adapter_frozen_step_0250.pt,42670979,0.0397,旧分支归档候选：尚未确认可删除,未移动、未删除
results/bridge_adapter_trainability_v1/adapter_frozen_step_0500.pt,42670979,0.0397,旧分支归档候选：尚未确认可删除,未移动、未删除
results/bridge_adapter_trainability_v1/adapter_frozen_step_0750.pt,42670979,0.0397,旧分支归档候选：尚未确认可删除,未移动、未删除
results/bridge_adapter_trainability_v1/adapter_frozen_step_1000.pt,42670979,0.0397,旧分支归档候选：尚未确认可删除,未移动、未删除
results/bridge_adapter_trainability_v1/adapter_frozen_step_1250.pt,42670979,0.0397,旧分支归档候选：尚未确认可删除,未移动、未删除
results/bridge_adapter_trainability_v1/adapter_frozen_step_1500.pt,42670979,0.0397,旧分支归档候选：尚未确认可删除,未移动、未删除
results/bridge_adapter_trainability_v1/adapter_joint_step_0500.pt,42670914,0.0397,旧分支归档候选：尚未确认可删除,未移动、未删除
results/bridge_adapter_trainability_v1/adapter_joint_step_0750.pt,42670914,0.0397,旧分支归档候选：尚未确认可删除,未移动、未删除
results/bridge_adapter_trainability_v1/adapter_joint_step_1000.pt,42670914,0.0397,旧分支归档候选：尚未确认可删除,未移动、未删除
results/bridge_adapter_trainability_v1/adapter_joint_step_1250.pt,42670914,0.0397,旧分支归档候选：尚未确认可删除,未移动、未删除
results/bridge_adapter_trainability_v1/adapter_joint_step_1500.pt,42670914,0.0397,旧分支归档候选：尚未确认可删除,未移动、未删除
results/bridge_adapter_trainability_v1/adapter_joint_step_0000.pt,42670850,0.0397,旧分支归档候选：尚未确认可删除,未移动、未删除
results/bridge_adapter_trainability_v1/adapter_joint_step_0250.pt,42670850,0.0397,旧分支归档候选：尚未确认可删除,未移动、未删除
results/bridge_patch_features_v1/patch_descriptor_cache.pt,30396414,0.0283,旧分支归档候选：尚未确认可删除,未移动、未删除
results/bcz_native_pool_baseline_v1/latest.pt,30384373,0.0283,旧分支归档候选：尚未确认可删除,未移动、未删除
results/bcz_native_pool_baseline_v1/best.pt,30352401,0.0283,旧分支归档候选：尚未确认可删除,未移动、未删除
results/bcz_native_pool_smoke_v1/latest.pt,30339573,0.0283,旧分支归档候选：尚未确认可删除,未移动、未删除
results/bcz_native_pool_smoke_v1/best.pt,30339089,0.0283,旧分支归档候选：尚未确认可删除,未移动、未删除
results/bcz_native_sequence_fit_v1/latest.pt,28743277,0.0268,旧分支归档候选：尚未确认可删除,未移动、未删除
results/bcz_native_sequence_fit_v1/best.pt,28743081,0.0268,旧分支归档候选：尚未确认可删除,未移动、未删除
results/bcz_fusion_simple_v1/latest.pt,28534893,0.0266,旧分支归档候选：尚未确认可删除,未移动、未删除
results/bcz_fusion_simple_v1/best.pt,28534697,0.0266,旧分支归档候选：尚未确认可删除,未移动、未删除
results/bcz_balanced_fit_v1/latest.pt,28519981,0.0266,旧分支归档候选：尚未确认可删除,未移动、未删除
results/bcz_balanced_fit_v1/best.pt,28519785,0.0266,旧分支归档候选：尚未确认可删除,未移动、未删除
results/bcz_gripper_head_mlp2_400_v1/latest.pt,13331133,0.0124,旧分支归档候选：尚未确认可删除,未移动、未删除
results/bcz_gripper_head_mlp2_400_v1/best.pt,13330977,0.0124,旧分支归档候选：尚未确认可删除,未移动、未删除
results/bcz_gripper_head_mlp2_v1/latest.pt,13324797,0.0124,旧分支归档候选：尚未确认可删除,未移动、未删除
results/bcz_gripper_head_mlp2_v1/best.pt,13324641,0.0124,旧分支归档候选：尚未确认可删除,未移动、未删除
results/bcz_gripper_head_legacy_400_v1/latest.pt,11748413,0.0109,旧分支归档候选：尚未确认可删除,未移动、未删除
results/bcz_gripper_head_legacy_400_v1/best.pt,11748289,0.0109,旧分支归档候选：尚未确认可删除,未移动、未删除
results/bcz_gripper_head_legacy_v1/latest.pt,11742077,0.0109,旧分支归档候选：尚未确认可删除,未移动、未删除
results/bcz_gripper_head_legacy_v1/best.pt,11741953,0.0109,旧分支归档候选：尚未确认可删除,未移动、未删除
results/bcz_gripper_only_fit_v1/latest.pt,11740861,0.0109,旧分支归档候选：尚未确认可删除,未移动、未删除
results/bcz_gripper_only_fit_v1/best.pt,11740737,0.0109,旧分支归档候选：尚未确认可删除,未移动、未删除
results/bridge_diffusion_full_fit_smoke_v1/final_head.pt,6979445,0.0065,旧分支归档候选：尚未确认可删除,未移动、未删除
results/bridge_diffusion_fit_smoke_v2/final_head.pt,6979381,0.0065,旧分支归档候选：尚未确认可删除,未移动、未删除
results/bridge_diffusion_target_pair_smoke_v1/epsilon/final_head.pt,6979381,0.0065,旧分支归档候选：尚未确认可删除,未移动、未删除
results/bridge_diffusion_target_pair_smoke_v1/sample/final_head.pt,6979381,0.0065,旧分支归档候选：尚未确认可删除,未移动、未删除
results/bridge_diffusion_target_pair_smoke_v1/shared_initial_weights.pt,6977921,0.0065,旧分支归档候选：尚未确认可删除,未移动、未删除
results/bridge_diffusion_full_fit_prepare_v1/shared_initial_weights.pt,6977494,0.0065,保留：当前证据链/复查输入,未移动、未删除
results/bridge_pooling_readout_v1/pooling_context_cache.pt,3424691,0.0032,保留：当前证据链/复查输入,未移动、未删除
results/bridge_input_neighbors_v1/feature_cache.pt,3042261,0.0028,旧分支归档候选：尚未确认可删除,未移动、未删除
results/bridge_head_isolation_v1/window_id_context_diagnostic.pt,2433829,0.0023,保留：当前证据链/复查输入,未移动、未删除
results/bridge_head_isolation_v1/frozen_context_diagnostic.pt,2433757,0.0023,保留：当前证据链/复查输入,未移动、未删除
results/bridge_diffusion_full_fit_prepare_v1/full_context.pt,1928531,0.0018,保留：当前证据链/复查输入,未移动、未删除
results/bridge_head_isolation_v1/train_context_cache.pt,1622613,0.0015,保留：当前证据链/复查输入,未移动、未删除
results/bridge_current_pose_input_v1/real_pose_step_0000.pt,1178253,0.0011,旧分支归档候选：尚未确认可删除,未移动、未删除
results/bridge_current_pose_input_v1/real_pose_step_0250.pt,1178253,0.0011,旧分支归档候选：尚未确认可删除,未移动、未删除
results/bridge_current_pose_input_v1/real_pose_step_0500.pt,1178253,0.0011,旧分支归档候选：尚未确认可删除,未移动、未删除
results/bridge_current_pose_input_v1/real_pose_step_0750.pt,1178253,0.0011,旧分支归档候选：尚未确认可删除,未移动、未删除
results/bridge_current_pose_input_v1/real_pose_step_1000.pt,1178253,0.0011,旧分支归档候选：尚未确认可删除,未移动、未删除
results/bridge_current_pose_input_v1/real_pose_step_1250.pt,1178253,0.0011,旧分支归档候选：尚未确认可删除,未移动、未删除
results/bridge_current_pose_input_v1/real_pose_step_1500.pt,1178253,0.0011,旧分支归档候选：尚未确认可删除,未移动、未删除
results/bridge_current_pose_input_v1/zero_pose_step_0000.pt,1178253,0.0011,旧分支归档候选：尚未确认可删除,未移动、未删除
results/bridge_current_pose_input_v1/zero_pose_step_0250.pt,1178253,0.0011,旧分支归档候选：尚未确认可删除,未移动、未删除
results/bridge_current_pose_input_v1/zero_pose_step_0500.pt,1178253,0.0011,旧分支归档候选：尚未确认可删除,未移动、未删除
results/bridge_current_pose_input_v1/zero_pose_step_0750.pt,1178253,0.0011,旧分支归档候选：尚未确认可删除,未移动、未删除
results/bridge_current_pose_input_v1/zero_pose_step_1000.pt,1178253,0.0011,旧分支归档候选：尚未确认可删除,未移动、未删除
results/bridge_current_pose_input_v1/zero_pose_step_1250.pt,1178253,0.0011,旧分支归档候选：尚未确认可删除,未移动、未删除
results/bridge_current_pose_input_v1/zero_pose_step_1500.pt,1178253,0.0011,旧分支归档候选：尚未确认可删除,未移动、未删除
results/bridge_pooling_readout_v1/cls_patch_mean_step_0000.pt,1140087,0.0011,保留：当前证据链/复查输入,未移动、未删除
results/bridge_pooling_readout_v1/cls_patch_mean_step_0250.pt,1140087,0.0011,保留：当前证据链/复查输入,未移动、未删除
results/bridge_pooling_readout_v1/cls_patch_mean_step_0500.pt,1140087,0.0011,保留：当前证据链/复查输入,未移动、未删除
results/bridge_pooling_readout_v1/cls_patch_mean_step_0750.pt,1140087,0.0011,保留：当前证据链/复查输入,未移动、未删除
results/bridge_pooling_readout_v1/cls_patch_mean_step_1000.pt,1140087,0.0011,保留：当前证据链/复查输入,未移动、未删除
results/bridge_pooling_readout_v1/cls_patch_mean_step_1250.pt,1140087,0.0011,保留：当前证据链/复查输入,未移动、未删除
results/bridge_pooling_readout_v1/cls_patch_mean_step_1500.pt,1140087,0.0011,保留：当前证据链/复查输入,未移动、未删除
results/bridge_pooling_readout_v1/cls_step_0000.pt,1139706,0.0011,保留：当前证据链/复查输入,未移动、未删除
results/bridge_pooling_readout_v1/cls_step_0250.pt,1139706,0.0011,保留：当前证据链/复查输入,未移动、未删除
results/bridge_pooling_readout_v1/cls_step_0500.pt,1139706,0.0011,保留：当前证据链/复查输入,未移动、未删除
results/bridge_pooling_readout_v1/cls_step_0750.pt,1139706,0.0011,保留：当前证据链/复查输入,未移动、未删除
results/bridge_pooling_readout_v1/cls_step_1000.pt,1139706,0.0011,保留：当前证据链/复查输入,未移动、未删除
results/bridge_pooling_readout_v1/cls_step_1250.pt,1139706,0.0011,保留：当前证据链/复查输入,未移动、未删除
results/bridge_pooling_readout_v1/cls_step_1500.pt,1139706,0.0011,保留：当前证据链/复查输入,未移动、未删除
results/bridge_saved_checkpoints_v1/latest_window_predictions.pt,811089,0.0008,旧分支归档候选：尚未确认可删除,未移动、未删除
results/bridge_saved_checkpoints_v1/best_window_predictions.pt,811069,0.0008,旧分支归档候选：尚未确认可删除,未移动、未删除
results/bridge_adapter_trainability_v1/batch_schedule.pt,770714,0.0007,旧分支归档候选：尚未确认可删除,未移动、未删除
results/bridge_pooling_readout_v1/batch_schedule.pt,770714,0.0007,保留：当前证据链/复查输入,未移动、未删除
results/bridge_current_pose_input_v1/batch_schedule.pt,770650,0.0007,旧分支归档候选：尚未确认可删除,未移动、未删除
results/bridge_diffusion_fit_prepare_v1/fixed_context.pt,620276,0.0006,保留：当前证据链/复查输入,未移动、未删除
results/bridge_diffusion_target_pair_prepare_v1/fixed_context.pt,620276,0.0006,保留：当前证据链/复查输入,未移动、未删除
results/bridge_current_pose_input_v1/current_pose_cache.pt,56381,0.0001,旧分支归档候选：尚未确认可删除,未移动、未删除
results/bridge_single_step_v1/latest_window_predictions.pt,50613,0.0,旧分支归档候选：尚未确认可删除,未移动、未删除
results/bridge_single_step_v1/best_window_predictions.pt,50597,0.0,旧分支归档候选：尚未确认可删除,未移动、未删除
